{"cameraMode":{"drawMode":0,"name":"Shaded","section":"Shading Mode"},"sceneLighting":true,"audioPlay":false,"sceneViewState":{"m_AlwaysRefresh":false,"showFog":true,"showSkybox":true,"showFlares":true,"showImageEffects":true,"showParticleSystems":true,"showVisualEffectGraphs":true,"m_FxEnabled":true},"in2DMode":false,"pivot":{"x":56.226158142089847,"y":-32.86118698120117,"z":124.48793029785156},"rotation":{"x":0.17077875137329102,"y":0.24769455194473267,"z":-0.04422333091497421,"w":0.9528059959411621},"size":65.53943634033203,"orthographic":false}