{"cameraMode":{"drawMode":0,"name":"Shaded","section":"Shading Mode"},"sceneLighting":true,"audioPlay":false,"sceneViewState":{"m_AlwaysRefresh":false,"showFog":true,"showSkybox":true,"showFlares":true,"showImageEffects":true,"showParticleSystems":true,"showVisualEffectGraphs":true,"m_FxEnabled":true},"in2DMode":false,"pivot":{"x":30.87080192565918,"y":23.492870330810548,"z":181.74395751953126},"rotation":{"x":0.18421678245067597,"y":-0.8133803606033325,"z":0.42093178629875185,"w":0.3572885990142822},"size":43.48979568481445,"orthographic":false}