{"cameraMode":{"drawMode":0,"name":"Shaded","section":"Shading Mode"},"sceneLighting":true,"audioPlay":false,"sceneViewState":{"m_AlwaysRefresh":false,"showFog":true,"showSkybox":true,"showFlares":true,"showImageEffects":true,"showParticleSystems":true,"showVisualEffectGraphs":true,"m_FxEnabled":true},"in2DMode":false,"pivot":{"x":-12.493477821350098,"y":14.090056419372559,"z":47.37949752807617},"rotation":{"x":0.1922544687986374,"y":0.4795681834220886,"z":-0.10802976042032242,"w":0.8495575189590454},"size":22.534372329711915,"orthographic":false}