{"cameraMode":{"drawMode":0,"name":"Shaded","section":"Shading Mode"},"sceneLighting":true,"audioPlay":false,"sceneViewState":{"m_AlwaysRefresh":false,"showFog":true,"showSkybox":true,"showFlares":true,"showImageEffects":true,"showParticleSystems":true,"showVisualEffectGraphs":true,"m_FxEnabled":true},"in2DMode":false,"pivot":{"x":-0.29498291015625,"y":-4.177462577819824,"z":15.433038711547852},"rotation":{"x":-0.010869975201785565,"y":-0.9809353947639465,"z":0.1864149421453476,"w":-0.056018948554992679},"size":12.505208969116211,"orthographic":false}