{"cameraMode":{"drawMode":0,"name":"Shaded","section":"Shading Mode"},"sceneLighting":true,"audioPlay":false,"sceneViewState":{"m_AlwaysRefresh":false,"showFog":true,"showSkybox":true,"showFlares":true,"showImageEffects":true,"showParticleSystems":true,"showVisualEffectGraphs":true,"m_FxEnabled":true},"in2DMode":false,"pivot":{"x":0.020775556564331056,"y":4.2829999923706059,"z":9.857340812683106},"rotation":{"x":-0.40121227502822878,"y":-0.016567958518862726,"z":0.006789296865463257,"w":-0.9160306453704834},"size":34.44132995605469,"orthographic":false}